Name,Category,Rating,Address,Post Code,Phone Number,Website,Image
Theatrix Birmingham (Sponsored),Bars and Wine Bars,5.0(1 Rating),"130 Colmore Row,  Birmingham",B3 3AP,07970 268959 ,,"https://c.yell.com/t_bigRect,f_auto/b883fccb-5d0b-4745-92ec-ac22929a4b73_image_png.png"
JM Cocktail Events (Sponsored),Mobile Bars,No Rating, ,,07827 634417 ,jm-cocktails.co.uk/,"https://c.yell.com/t_bigRect,f_auto/ab0bc36d-fb74-4da5-a7aa-ed9e465ad7af_image_jpeg.jpg"
The Jacket Inn Baked Potato Co (Sponsored),Mobile Bars,5.0(1 Rating), ,,07793 084207 ,mobilebarhirecompany.co.uk/,"https://c.yell.com/t_bigRect,f_auto/5f9f1eb1-8de1-4eae-b9cf-6d841bd8a88c_image_jpeg.jpg"
The Gosta Green,Pubs,4.3(3 Ratings),"Holt St,  Birmingham",B7 4BG,0121 359 0044 ,pubswithmore.co.uk/thegostagreenbirmingham/,"https://c.yell.com/t_bigSquare,f_auto/de9a3163-e5b3-4a50-ae7f-b51960e4376a_image_jpeg.jpg"
Apache's,Bars and Wine Bars,No Rating,"192 Corporation Street,  BIRMINGHAM",B4 6QD,,,https://yell.com/searchfe/yframe/yelldotcom/default/_yframe/min/images/yell-dummy.png
Theatrix Birmingham,Bars and Wine Bars,5.0(1 Rating),"130 Colmore Row,  Birmingham",B3 3AP,07970 268959 ,theatrixbirmingham.co.uk/,"https://c.yell.com/t_bigRect,f_auto/b883fccb-5d0b-4745-92ec-ac22929a4b73_image_png.png"
The Gunmakers Arms,Bars and Wine Bars,No Rating,"93 Bath Street,  BIRMINGHAM",B4 6HG,0121 236 1201 ,,"https://c.yell.com/t_bigSquare,f_auto/6ef5164f-ddbf-424b-b8f6-1db1a041a8a5_image_jpeg.jpg"
The Jekyll & Hyde,Pubs,No Rating,"28 Steelhouse Lane,  Birmingham",B4 6BJ,0121 236 0345 ,thejekyllandhyde.co.uk,"https://c.yell.com/t_bigSquare,f_auto/af98a8de-5a4a-4912-b438-1e11b524c4c8_image_jpeg.jpg"
The Lounge & Conservatory,Bars and Wine Bars,No Rating,"St Chads Queensway,  BIRMINGHAM",B4 6HY,0121 236 6211 ,thistlehotels.com,"https://c.yell.com/t_bigSquare,f_auto/b35754d4-7f0a-4118-aeaa-cecc10d46e37_image_jpeg.jpg"
Bar Opus,Bars and Wine Bars,No Rating,"One Snowhill Snow Hill Queensway,  Birmingham",B4 6GH,0121 289 3939 ,baropus.co.uk,"https://c.yell.com/t_bigSquare,f_auto/95ae1b0d-3717-4893-b13d-8b95e277025a_image_jpeg.jpg"
The Hammer & The Anvil,Bars and Wine Bars,No Rating,"27 The Priory Queensway, Eastside,  BIRMINGHAM",B4 7LL,,,"https://c.yell.com/t_bigSquare,f_auto/2d5bb6ad-8b1b-4030-9bfe-0c5ffeb263bf_image_jpeg.jpg"
The Trocadero,Pubs,4.1(8 Ratings),"Temple St,  Birmingham",B2 5BG,0121 643 6107 ,thetrocaderobirmingham.co.uk,"https://c.yell.com/t_bigSquare,f_auto/abcfea76-2317-404c-af08-69a3f9052d66_image_jpeg.jpg"
The Jam House,Speciality Restaurants,3.8(6 Ratings),"3-5 St Pauls Square,  Birmingham",B3 1QU,0121 200 3030 ,thejamhouse.com,"https://c.yell.com/t_bigSquare,f_auto/b8c0f801-8505-4459-b7fe-5d79aed1b2f9_image_jpeg.jpg"
Bar Utopia,Pub Restaurants,4.5(2 Ratings),"16 Church St,  Birmingham",B3 2NP,0121 233 3666 ,bar-utopia.co.uk,"https://c.yell.com/t_bigSquare,f_auto/757b1791-84c4-4c0d-be7e-4557445485e0_image_jpeg.jpg"
Hen & Chicken Bar & Grill,Pub Restaurants,4.0(1 Rating),"27 Constitution Hill,  Birmingham",B19 3LE,0121 236 3121 ,henandchicken.co.uk,"https://c.yell.com/t_bigSquare,f_auto/b171fe33-97d4-460f-9657-572582ca77d0_image_jpeg.jpg"
Andersons Bar & Grill,Steakhouse Restaurants,5.0(1 Rating),"30 Mary Ann St,  Birmingham",B3 1RL,0121 200 2515 ,andersonsbarandgrill.co.uk,"https://c.yell.com/t_bigSquare,f_auto/15f62d05-b11e-4de4-9810-494dbc45d738_image_jpeg.jpg"
Purnell's Bistro & Ginger's Bar,Bars and Wine Bars,5.0(2 Ratings),"Newater House, 11, Newhall St,  Birmingham",B3 3NY,0121 200 1588 ,purnellsbistro-gingers.com,"https://c.yell.com/t_bigSquare,f_auto/6b0929e3-59ef-4876-8734-eeb5e097ca02_image_jpeg.jpg"
The Box Office,Bars and Wine Bars,No Rating,"51 Dale End, Eastside,  BIRMINGHAM",B4 7LS,0844 500 2181 ,,"https://c.yell.com/t_bigSquare,f_auto/bca1bf80-2137-46f2-ad4e-b19dda6f8daa_image_jpeg.jpg"
Cosy Club,English Restaurants,5.0(1 Rating),"33 Bennetts Hill,  Birmingham",B2 5SN,0121 695 1131 ,cosyclub.co.uk,"https://c.yell.com/t_bigSquare,f_auto/22e651f5-cffa-4448-9f96-e474b6b9a916_image_jpeg.jpg"
Pizza Hut (UK) Ltd,Pizzerias,4.0(3 Ratings),"25 Martineau Place,  Birmingham",B2 4UB,0121 233 3357 ,pizzahut.co.uk,https://yell.com/searchfe/yframe/yelldotcom/default/_yframe/min/images/yell-dummy.png
JM Cocktail Events,Mobile Bars,No Rating, ,,07827 634417 ,jm-cocktails.co.uk/,"https://c.yell.com/t_bigRect,f_auto/ab0bc36d-fb74-4da5-a7aa-ed9e465ad7af_image_jpeg.jpg"
The Peaky Blinder,Bars and Wine Bars,No Rating,"65 Dale End, Eastside,  BIRMINGHAM",B4 7LS,,,"https://c.yell.com/t_bigSquare,f_auto/b8dac1e5-1ce3-4fc8-a1ea-d038250f9a77_image_jpeg.jpg"
The Eagle & Tun,Bars and Wine Bars,No Rating,"54 Banbury Street, Digbeth,  BIRMINGHAM",B5 5RH,0121 643 0010 ,,"https://c.yell.com/t_bigSquare,f_auto/4a021a52-37b8-4a7a-854b-975c5ab9eff8_image_jpeg.jpg"
Bodega,Speciality Restaurants,5.0(1 Rating),"12 Bennetts Hill,  Birmingham",B2 5RS,0121 448 4267 ,bodegacantina.co.uk,"https://c.yell.com/t_bigSquare,f_auto/6688563d-0923-4dbc-9a7b-e4a44fc28690_image_jpeg.jpg"
Amantia,Spanish Restaurants,4.0(1 Rating),"9-10 Bennetts Hill,  Birmingham",B2 5RS,0121 643 3647 ,amantia.co.uk,"https://c.yell.com/t_bigSquare,f_auto/c2a2a435-b2cb-4fe4-8e2c-d1ffc01c2c7a_image_jpeg.jpg"
Theatrix Birmingham (Sponsored),Night Clubs,5.0(1 Rating),"130 Colmore Row,  Birmingham",B3 3AP,07970 268959 ,,"https://c.yell.com/t_bigRect,f_auto/b883fccb-5d0b-4745-92ec-ac22929a4b73_image_png.png"
Bacchus Bar,Pubs,4.5(2 Ratings),"Burlington Arcade New St,  Birmingham",B2 4JH,0121 632 5445 ,nicholsonspubs.co.uk/restaurants/eastandwestmidlands/bacchusbarbirmingham,"https://c.yell.com/t_bigSquare,f_auto/d3aa84e0-f01a-4b31-87b6-b353cddb900d_image_jpeg.jpg"
Moriarty's,Bars and Wine Bars,No Rating,"126 Lawley Middleway, Eastside,  BIRMINGHAM",B4 7XP,,,"https://c.yell.com/t_bigSquare,f_auto/d71d8166-d3eb-4d6d-8e80-4313c94b5f90_image_jpeg.jpg"
Thyme,Speciality Restaurants,No Rating,"Richard Street,  BIRMINGHAM",B7 4AA,0871 527 8080 ,premierinn.com,"https://c.yell.com/t_bigSquare,f_auto/da23c7ad-c157-4ad5-9d10-88e64b30671b_image_jpeg.jpg"
Subside Bar,Pubs,2.3(3 Ratings),"57 High St,  Birmingham",B5 6DA,0121 622 7090 ,subsidebar.co.uk,"https://c.yell.com/t_bigSquare,f_auto/25d3cd80-8aaa-483e-9496-b77ff2a0d693_image_jpeg.jpg"
The Barrell Bar & Grill,Pubs,No Rating,"322 Summer Lane,  Birmingham",B19 3RG,07515 531272 ,,"https://c.yell.com/t_bigSquare,f_auto/6fa57d8e-1054-48ba-98c0-02143d126860_image_jpeg.jpg"
Bar + Block Steakhouse Birmingham,Steakhouse Restaurants,No Rating,"3-6 Waterloo St,  Birmingham",B2 5PG,0121 227 5139 ,barandblock.co.uk/en-gb/locations/birmingham,"https://c.yell.com/t_bigRect,f_auto/0d8829cf-75bc-496e-be98-200654831619_image_png.png"
The Stable,Bars and Wine Bars,5.0(1 Rating),"115 John Bright Street,  BIRMINGHAM",B1 1BE,0121 643 8918 ,stablepizza.com/,"https://c.yell.com/t_bigSquare,f_auto/49258653-e75f-42c2-a174-2fddd8de229e_image_jpeg.jpg"
In House Bar,Bars and Wine Bars,No Rating,"within House of Fraser, P.O Box 132,  Birmingham",B2 5JS,0121 236 9707 ,,https://yell.com/searchfe/yframe/yelldotcom/default/_yframe/min/images/yell-dummy.png
Marie's Bar,Pubs,No Rating,"337 New Summer St,  Birmingham",B19 3RD,0121 333 3207 ,,https://yell.com/searchfe/yframe/yelldotcom/default/_yframe/min/images/yell-dummy.png
Diamonds Showbar & Restaurant,English Restaurants,5.0(1 Rating),"170-174 Great Hampton Row,  Birmingham",B19 3JP,0844 884 4783 ,diamonds-showbar.co.uk,"https://c.yell.com/t_bigRect,f_auto/d50701ea-f4cd-4508-a07f-883cd45543d4_image_jpeg.jpg"
Arch 13 at Connollys,Bars and Wine Bars,No Rating,"220 Livery Street, Jewellery Quarter,  BIRMINGHAM",B3 1EU,0121 794 6636 ,,https://yell.com/searchfe/yframe/yelldotcom/default/_yframe/min/images/yell-dummy.png
Revolucion de Cuba Birmingham,Bars and Wine Bars,No Rating,"8 Temple St,  Birmingham",B2 5BN,0121 796 1216 ,revoluciondecuba.com/bar/birmingham/,"https://c.yell.com/t_bigSquare,f_auto/369a5296-8932-40a6-a42f-881ec0e5c5b5_image_jpeg.jpg"
Temple Street Social,Bars and Wine Bars,No Rating,"39-40 Temple Street,  BIRMINGHAM",B2 5DP,0121 643 3378 ,,"https://c.yell.com/t_bigSquare,f_auto/ece457f4-be34-4b16-bd86-d65e84509717_image_jpeg.jpg"
The Balcony Brasserie & Moet Rose Champagne Bar,Bars and Wine Bars,No Rating,"Upper Mall West, Digbeth,  BIRMINGHAM",B5 4BP,0121 600 6869 ,searcys.co.uk,"https://c.yell.com/t_bigSquare,f_auto/1481db27-197c-46e7-8e5a-e4f1fe2118c6_image_jpeg.jpg"
All Bar One Newhall Street Birmingham,Bars and Wine Bars,2.5(6 Ratings),"43 Newhall St,  Birmingham",B3 3NY,0121 212 2551 ,allbarone.co.uk/national-search/east-and-west-midlands/all-bar-one-newhall-street-birmingham,"https://c.yell.com/t_bigSquare,f_auto/ad102d8b-a865-4104-b53f-6840fa94ce7c_image_jpeg.jpg"
"The Utopia, Birmingham",Night Clubs,No Rating,"16 Church St,  Birmingham",B3 2NP,0121 233 3666 ,bar-utopia.co.uk/,https://yell.com/searchfe/yframe/yelldotcom/default/_yframe/min/images/yell-dummy.png
Kilder,Bars and Wine Bars,No Rating,"5 Shaws Passage,  BIRMINGHAM",B5 5JG,0121 643 2546 ,,https://yell.com/searchfe/yframe/yelldotcom/default/_yframe/min/images/yell-dummy.png
Stirlings Bar & Lounge,Night Clubs,No Rating,"21 Ludgate Hill,  Birmingham",B3 1DW,0121 439 2121 ,stirlingsbar.co.uk,"https://c.yell.com/t_bigSquare,f_auto/bc45a640-9ecb-45ba-aac3-07c0f5e467d3_image_jpeg.jpg"
Bureau,Bars and Wine Bars,No Rating,"110 Colmore Row, Jewellery Quarter,  BIRMINGHAM",B3 3AG,0121 236 1110 ,thebureaubar.co.uk,"https://c.yell.com/t_bigSquare,f_auto/92e04b83-f5b6-434e-bec4-8e9a9409c4c2_image_jpeg.jpg"
Afrobeat,Speciality Restaurants,No Rating,"91a Bracebridge St,  Birmingham",B6 4PJ,0121 389 8489 ,afrobeat.club,"https://c.yell.com/t_bigRect,f_auto/73f4fc87-8df8-47c1-9ffe-876169dc782f_image_jpeg.jpg"
All Bar One New Street Station,Bars and Wine Bars,No Rating,"Unit 28b New St Station, Smallbrook Queensway,  Birmingham",B2 4QE,0121 643 3157 ,allbarone.co.uk/national-search/east-and-west-midlands/all-bar-one-new-street,"https://c.yell.com/t_bigSquare,f_auto/31dd8ac7-967a-45d6-a72b-5bd1eb8b9cba_image_jpeg.jpg"
The Bureau Bar,Bars and Wine Bars,No Rating,"110 Colmore Row,  Birmingham",B3 3AG,0121236 1110 ,,https://yell.com/searchfe/yframe/yelldotcom/default/_yframe/min/images/yell-dummy.png
Fazenda Rodizio Bar & Grill,Speciality Restaurants,No Rating,"55 Colmore Row, Jewellery Quarter,  BIRMINGHAM",B3 2AA,0121 728 5656 ,fazenda.co.uk,https://yell.com/searchfe/yframe/yelldotcom/default/_yframe/min/images/yell-dummy.png
Pizza Hut (UK) Ltd,Pizzerias,3.0(1 Rating),"135-137, New St,  Birmingham",B2 4NS,0121 643 2080 ,pizzahut.co.uk,"https://c.yell.com/t_bigSquare,f_auto/2aa494da-6e4d-46d8-ba81-15fa25baecc2_image_jpeg.jpg"
K.S.B Beer & Bar Supplies Ltd (Sponsored),Mobile Bars,5.0(15 Ratings), Oldbury,,07932 327478 ,ksb-beers.co.uk,"https://c.yell.com/t_bigRect,f_auto/194e1133-a1f6-40c4-bedb-605f3cb65600_image_jpeg.jpg"
Hennessey's,Bars and Wine Bars,No Rating,"30-31 Allison St,  Birmingham",B5 5TJ,0121 643 3436 ,hennesseysbar.com,"https://c.yell.com/t_bigSquare,f_auto/66006872-a0ad-4092-91b0-92594e7f3bc2_image_jpeg.jpg"
Frizzenti,Bars and Wine Bars,No Rating,"Stephenson Place,  BIRMINGHAM",B2 4BQ,,frizzenti.com/,"https://c.yell.com/t_bigSquare,f_auto/3a57a022-0d67-40f6-8cdb-dbc72a5821eb_image_jpeg.jpg"
Henman & Cooper,Bars and Wine Bars,No Rating,"110 Colmore Row,  Birmingham",B3 3AG,0121 233 1177 ,,"https://c.yell.com/t_bigRect,f_auto/237ab1c0-0c41-455d-9200-9460699b40b0_image_jpeg.jpg"
The Head of Steam,Bars and Wine Bars,No Rating,"36 Temple Street,  BIRMINGHAM",B2 5DP,0121 643 6824 ,theheadofsteam.co.uk,https://yell.com/searchfe/yframe/yelldotcom/default/_yframe/min/images/yell-dummy.png
Chi Bar Lounge Restaurant,Bars and Wine Bars,No Rating,"61 Newhall St,  Birmingham",B3 3RB,0121 233 3150 ,,https://yell.com/searchfe/yframe/yelldotcom/default/_yframe/min/images/yell-dummy.png
Pitcher & Piano Birmingham,Bars and Wine Bars,5.0(6 Ratings),"Brindley Place Broad St,  Birmingham",B1 2HP,0121 643 0214 ,pitcherandpiano.com/bars/birmingham,"https://c.yell.com/t_bigSquare,f_auto/342ab8ec-6430-441d-8209-6da3f88277d1_image_jpeg.jpg"
Colmore Bar & Grill,Steakhouse Restaurants,No Rating,"St. Philips Gate, 3-6, Waterloo St,  Birmingham",B2 5PG,0121 616 4442 ,whitbread.co.uk,https://yell.com/searchfe/yframe/yelldotcom/default/_yframe/min/images/yell-dummy.png
All Bar One Brindleyplace,Bars and Wine Bars,4.3(10 Ratings),"Units 12G-13G Waters Edge, Brindley Place,  Birmingham",B1 2HL,0121 644 5861 ,allbarone.co.uk/national-search/east-and-west-midlands/all-bar-one-brindleyplace-birmingham,"https://c.yell.com/t_bigSquare,f_auto/55e38745-613b-46a1-b729-798ed18d8059_image_jpeg.jpg"
Be At One - Birmingham,Night Clubs,No Rating,"Basement Picadilly Arcade, Stephenson St,  Birmingham",B2 4BJ,0121 227 2225 ,beatone.co.uk/cocktail-bar/birmingham/,"https://c.yell.com/t_bigSquare,f_auto/a59319f0-6263-4e57-9d14-a6bb701165cf_image_jpeg.jpg"
Tapas Revolution,Spanish Restaurants,No Rating,"Stephenson Place,  BIRMINGHAM",B2 4BQ,0121 643 6381 ,tapasrevolution.com/,"https://c.yell.com/t_bigSquare,f_auto/9fc9cb5f-45a2-43b4-9b76-0a2dcdde00ba_image_jpeg.jpg"
The Victoria,Pubs,5.0(2 Ratings),"48 John Bright St,  Birmingham",B1 1BN,0121 633 9439 ,thevictoriabirmingham.co.uk,"https://c.yell.com/t_bigSquare,f_auto/cb5e18a8-6534-42ea-8d87-654b7d2db8d4_image_jpeg.jpg"
Mooch Bar,Bars and Wine Bars,4.1(22 Ratings),"260 Broad St,  Birmingham",B1 2HF,0121 633 4260 ,moochbar.co.uk/,"https://c.yell.com/t_bigRect,f_auto/fa9ae62b-c5b8-4379-9248-74a05ef5c0e6_image_png.png"
Nightingale Club,Night Clubs,4.7(6 Ratings),"Essex House, Kent St,  Birmingham",B5 6RD,0121 622 1718 ,nightingaleclub.co.uk,"https://c.yell.com/t_bigSquare,f_auto/02cac6d6-83a1-40dd-adaa-2195b0c17585_image_jpeg.jpg"
The Asquith & Gingers Bar Ltd,Pubs,No Rating,"11 Newhall Street,  Birmingham",B3 3NY,0121236 2600 ,,https://yell.com/searchfe/yframe/yelldotcom/default/_yframe/min/images/yell-dummy.png
Red Peppers,Mediterranean Restaurants,3.9(8 Ratings),"The Mailbox, 117, Wharfside St,  Birmingham",B1 1RF,0121 643 4202 ,red-peppers.co.uk,"https://c.yell.com/t_bigSquare,f_auto/ef1b3165-91aa-4c02-980b-1ea875ddb7c5_image_jpeg.jpg"
The Florence,Bars and Wine Bars,No Rating,"106-110 Edmund Street, Jewellery Quarter,  BIRMINGHAM",B3 3PU,0121 200 2423 ,,https://yell.com/searchfe/yframe/yelldotcom/default/_yframe/min/images/yell-dummy.png
Purecraft Bar & Kitchen,English Restaurants,No Rating,"30 Waterloo St,  Birmingham",B2 5TJ,0121 237 5666 ,purecraftbars.com,"https://c.yell.com/t_bigSquare,f_auto/3d4bbcc0-335e-46e8-9756-eade0b9698fb_image_jpeg.jpg"
O'Rourkes,Bars and Wine Bars,No Rating,"21 Oxford Street, Digbeth,  BIRMINGHAM",B5 5NR,,,"https://c.yell.com/t_bigSquare,f_auto/1cc627ee-71c6-4615-98d1-5055a652c828_image_jpeg.jpg"
Edmunds Bar,Pub Restaurants,No Rating,"29 Newhall St,  Birmingham",B3 3PU,0121 200 2423 ,edmundsbar.co.uk,https://cdn.yell.com/cdn/yellapi/asset/02B2EB6AC02CD611/thumbnail
Noctural Animals,Bars and Wine Bars,No Rating,"20 Bennetts Hill,  BIRMINGHAM",B2 5QJ,0121 643 7001 ,,https://yell.com/searchfe/yframe/yelldotcom/default/_yframe/min/images/yell-dummy.png
BML Enterprise Ltd,Bars and Wine Bars,No Rating,"110 Colmore Row,  Birmingham",B3 3AG,0121 236 1110 ,thebureau.co.uk,https://yell.com/searchfe/yframe/yelldotcom/default/_yframe/min/images/yell-dummy.png
The Balcony Restaurant,Bars and Wine Bars,No Rating,"Upper Mall East, Bullring,  Birmingham",B5 4BP,01216 006869 ,,https://yell.com/searchfe/yframe/yelldotcom/default/_yframe/min/images/yell-dummy.png
Pizza Express,Pizzerias,4.3(6 Ratings),"The Waters Edge Brindley Place, Broad Street,  Birmingham",B1 2HL,0121 643 2500 ,pizzaexpress.com/birmingham-brindley-place,"https://c.yell.com/t_bigRect,f_auto/8d449a76-3d0d-452f-b6d8-0c874e16413e_image_png.png"
Eden Bar,Bars and Wine Bars,5.0(2 Ratings),"116 Sherlock St,  Birmingham",B5 6NB,0121 622 1953 ,theedenbar.co.uk,"https://c.yell.com/t_bigSquare,f_auto/622b4c46-c012-42cf-a970-7d5585d2160f_image_jpeg.jpg"
Missing,Bars and Wine Bars,4.5(2 Ratings),"48 Bromsgrove St,  Birmingham",B5 6NU,0121 622 4256 ,missingbar.co.uk,"https://c.yell.com/t_bigSquare,f_auto/be08f764-b108-40bc-9835-0d2cbc201e75_image_jpeg.jpg"
Sidewalk,Night Clubs,5.0(1 Rating),"125-131 Hurst St,  Birmingham",B5 6SE,0121 666 6220 ,sidewalkbirmingham.co.uk,"https://c.yell.com/t_bigSquare,f_auto/76465d5f-151a-4fae-bd79-46f22df9328b_image_jpeg.jpg"
Ulysses Restaurant,Greek Restaurants,3.9(20 Ratings),"42a Bristol St,  Birmingham",B5 7AA,0121 622 3159 ,ulyssesrestaurant.co.uk,"https://c.yell.com/t_bigRect,f_auto/32fea38e-6dd5-4593-9c1a-7c1026d67765_image_jpeg.jpg"
Berlioz Bar,Steakhouse Restaurants,No Rating,"Burlington Arcade, 126, New St,  Birmingham",B2 4JQ,0121 643 9191 ,macdonaldhotels.co.uk,https://cdn.yell.com/cdn/yellapi/asset/1326348F46082B12/thumbnail
The Craven Arms,Bars and Wine Bars,5.0(1 Rating),"47 Upper Gough Street,  BIRMINGHAM",B1 1JL,0121 643 6756 ,,"https://c.yell.com/t_bigSquare,f_auto/6dbbfc58-5a8b-47cb-b077-45d0fb89a189_image_jpeg.jpg"
The 0 Bar,Bars and Wine Bars,4.5(2 Ratings),"264 Broad Street,  BIRMINGHAM",B1 2DS,0121 643 0712 ,obarbirmingham.com,"https://c.yell.com/t_bigSquare,f_auto/2e5fa1ec-d24e-4d65-82ae-7e8ae71c5953_image_jpeg.jpg"
40 St. Pauls,Bars and Wine Bars,No Rating,"40 Cox St,  Birmingham",B3 1RD,07340 037639 ,40stpauls.co.uk,https://yell.com/searchfe/yframe/yelldotcom/default/_yframe/min/images/yell-dummy.png
Jailbird,Bars and Wine Bars,No Rating,"130 Colmore Row, Jewellery Quarter,  BIRMINGHAM",B3 3AP,0121 236 4246 ,,https://yell.com/searchfe/yframe/yelldotcom/default/_yframe/min/images/yell-dummy.png
Bonehead,Bars and Wine Bars,No Rating,"8 Lower Severn Street,  BIRMINGHAM",B1 1PU,0121 439 5757 ,boneheaduk.com,"https://c.yell.com/t_bigSquare,f_auto/56d77a7b-c05d-424e-9422-2019f1594d60_image_jpeg.jpg"
Bar Estilo,Speciality Restaurants,5.0(3 Ratings),"The Mailbox, 110-114, Wharfside St,  Birmingham",B1 1RF,0121 643 3443 ,barestilo.co.uk,"https://c.yell.com/t_bigSquare,f_auto/86242409-d37d-4cd9-a4f4-a2b6ac1ef571_image_jpeg.jpg"
Digbeth Works,Bars and Wine Bars,No Rating,"79a Digbeth,  Birmingham",B5 6DY,0121 792 0771 ,digbethworks.co.uk,"https://c.yell.com/t_bigSquare,f_auto/3ba972a2-6a89-444d-95cf-555975b01ac3_image_jpeg.jpg"
La Galleria,Italian Restaurants,No Rating,"5a Ethel St,  Birmingham",B2 4BG,0121 643 5933 ,lagalleria-birmingham.co.uk,"https://c.yell.com/t_bigSquare,f_auto/dd9d9250-d206-4eac-9ccc-9e82931e6070_image_jpeg.jpg"
Post Office Vaults,Pubs,No Rating,"84b, New St,  Birmingham",B2 4BA,0121 643 7354 ,postofficevaults.co.uk,"https://c.yell.com/t_bigSquare,f_auto/47a787dc-4fa0-458a-aa75-4ac2a9de152b_image_jpeg.jpg"
Ruin Bars Ltd,Pubs,No Rating,"92 Floodgate St,  Birmingham",B5 5SR,0121 643 5811 ,theruindigbeth.com,"https://c.yell.com/t_bigSquare,f_auto/34870f24-dc58-4663-95b6-3023f534549e_image_jpeg.jpg"
The White Swan,Pubs,4.0(1 Rating),"276 Bradford St,  Birmingham",B12 0QY,0121 622 2586 ,marstons.co.uk/,https://yell.com/searchfe/yframe/yelldotcom/default/_yframe/min/images/yell-dummy.png
Folium,Bars and Wine Bars,No Rating,"5-8 Caroline Street, Jewellery Quarter,  BIRMINGHAM",B3 1UG,0121 638 0100 ,,https://yell.com/searchfe/yframe/yelldotcom/default/_yframe/min/images/yell-dummy.png
Note Bar,Bars and Wine Bars,No Rating,"Beak Street,  BIRMINGHAM",B1 1PU,,,"https://c.yell.com/t_bigSquare,f_auto/4527c833-a91a-4546-9c19-620335d4000d_image_jpeg.jpg"
Mechu Bar & Grill,Steakhouse Restaurants,No Rating,"45 Summer Row,  Birmingham",B3 1JJ,0121 710 4220 ,mechu.com,"https://c.yell.com/t_bigSquare,f_auto/43b84460-6902-438b-a305-72d655ede46a_image_jpeg.jpg"
Gallery Restaurant & Bar at Selfridges,English Restaurants,No Rating,"Queens Drive,  Birmingham",B5 4PJ,0121 600 6869 ,,https://yell.com/searchfe/yframe/yelldotcom/default/_yframe/min/images/yell-dummy.png
Sobar,Bars and Wine Bars,No Rating,"The Arcadian Centre, 70, Hurst St,  Birmingham",B5 4TD,0121 693 5084 ,sobar.co.uk,"https://c.yell.com/t_bigSquare,f_auto/ecdac55d-72d7-4197-81ee-55f97b80c747_image_jpeg.jpg"
Station Bar,Bars and Wine Bars,No Rating,"Station Street, Digbeth,  BIRMINGHAM",B5 4DY,,,https://yell.com/searchfe/yframe/yelldotcom/default/_yframe/min/images/yell-dummy.png
Unplug,Night Clubs,No Rating,"79a Digbeth,  Birmingham",B5 6DY,07956 168677 ,unplugclub.com,"https://c.yell.com/t_bigSquare,f_auto/42a2ec5e-1672-486f-ab0c-bcf8d6cef52e_image_jpeg.jpg"
Bar Epernay,Bars and Wine Bars,4.3(3 Ratings),"171 Wharfside St, The Mailbox,  Birmingham",B1 1RL,0121 632 1430 ,bar-epernay.co.uk,https://yell.com/searchfe/yframe/yelldotcom/default/_yframe/min/images/yell-dummy.png
The Engine Room,Bars and Wine Bars,No Rating,"Floodgate Street, Digbeth,  BIRMINGHAM",B5 5SR,07968 082105 ,,https://yell.com/searchfe/yframe/yelldotcom/default/_yframe/min/images/yell-dummy.png
Players,Bars and Wine Bars,5.0(1 Rating),"239-240 Broad Street,  BIRMINGHAM",B1 2HG,0121 643 6817 ,,"https://c.yell.com/t_bigSquare,f_auto/813920c4-0c1e-4d7a-ab0c-80a7be12cab9_image_jpeg.jpg"
Jewellers Arms,Bars and Wine Bars,No Rating,"23 Hockley Street,  BIRMINGHAM",B18 6BW,0121 236 4402 ,,"https://c.yell.com/t_bigSquare,f_auto/15bfd051-8cce-4b41-928b-d14930d8274e_image_jpeg.jpg"
Poppy Red,Traditional Restaurants,3.0(2 Ratings),"Arcadian Centre Hurst St,  Birmingham",B5 4TD,0121 687 1200 ,poppy-red.com,https://cdn.yell.com/cdn/yellapi/asset/F57BC3109D076EB4/thumbnail
Meeir Ltd,Pub Restaurants,No Rating,"81-91 John Bright St,  Birmingham",B1 1BN,0121 405 1273 ,,https://yell.com/searchfe/yframe/yelldotcom/default/_yframe/min/images/yell-dummy.png
The Glamorous Show Bar,Pubs,No Rating,"27 Hurst St,  Birmingham",B5 4BB,0121 622 5912 ,glamorousbirmingham.co.uk,https://yell.com/searchfe/yframe/yelldotcom/default/_yframe/min/images/yell-dummy.png
"Bluu Bar, Brasserie & Basement",Night Clubs,No Rating,"Islington Gates, 8, Fleet St,  Birmingham",B3 1JH,0121 236 9013 ,bluu.co.uk,https://yell.com/searchfe/yframe/yelldotcom/default/_yframe/min/images/yell-dummy.png
Glamorous,Bars and Wine Bars,No Rating,"25 Hurst Street, Digbeth,  BIRMINGHAM",B5 4BB,0121 622 5912 ,,https://yell.com/searchfe/yframe/yelldotcom/default/_yframe/min/images/yell-dummy.png
Bar Jester,Night Clubs,No Rating,"42 Holloway Circus Queensway,  Birmingham",B1 1EG,0121 643 8344 ,barjester.co.uk,"https://c.yell.com/t_bigSquare,f_auto/af39057b-c055-4bf2-a551-a092d501a368_image_jpeg.jpg"
Levana,Bars and Wine Bars,No Rating,"Hurst Street, Digbeth,  BIRMINGHAM",B5 4TD,,,"https://c.yell.com/t_bigSquare,f_auto/718fca3c-2073-4649-b6a7-22eea5309d70_image_jpeg.jpg"
Luxx,Bars and Wine Bars,No Rating,"Hurst Street, Digbeth,  BIRMINGHAM",B5 4TD,0121 666 7777 ,,"https://c.yell.com/t_bigSquare,f_auto/5e7ecd76-ccb4-4590-8983-4d44fd1013a2_image_jpeg.jpg"
100 Degrees,Bars and Wine Bars,No Rating,"25 Essex Street, Digbeth,  BIRMINGHAM",B5 4TR,0121 285 5955 ,,"https://c.yell.com/t_bigSquare,f_auto/d183f024-fb03-4205-b82e-991a29b8127a_image_jpeg.jpg"
Individual,Bars and Wine Bars,No Rating,"Hurst Street, Digbeth,  BIRMINGHAM",B5 4TD,,,"https://c.yell.com/t_bigSquare,f_auto/5ccbcd9d-006a-433b-894e-9c9c898eaaaa_image_jpeg.jpg"
The Green Room,Bars and Wine Bars,1.0(1 Rating),"Hurst Street, Digbeth,  BIRMINGHAM",B5 4TD,0121 605 4343 ,,"https://c.yell.com/t_bigSquare,f_auto/5578d043-4c90-4e09-a6bb-ac812bcf485f_image_jpeg.jpg"
Churchills,Bars and Wine Bars,No Rating,"Wharfside Street,  BIRMINGHAM",B1 1RL,,,"https://c.yell.com/t_bigSquare,f_auto/fe194caf-213d-476f-bcc7-bef75c13984e_image_jpeg.jpg"
Olivia's Townhouse,Night Clubs,No Rating,"The Arcadian, 41, Bromsgrove St,  Birmingham",B5 6NU,0121 622 1494 ,oliviastownhouse.com/,"https://c.yell.com/t_bigSquare,f_auto/7d409fa7-bd50-4afa-98b9-efd2c441df17_image_jpeg.jpg"
Equator Bars (Birmingham) Ltd,Night Clubs,No Rating,"123 Hurst St,  Birmingham",B5 6SE,0121 622 5077 ,equatorbar.co.uk,"https://c.yell.com/t_bigSquare,f_auto/241d2135-d236-40b5-8d52-324621ae6e8d_image_jpeg.jpg"
Glamorous Show Bar,Pubs,No Rating,"Albany House, 31 Hurst Street,  Birmingham",B5 4BD,01216 225912 ,,https://yell.com/searchfe/yframe/yelldotcom/default/_yframe/min/images/yell-dummy.png
The Drop Forge,Bars and Wine Bars,1.0(1 Rating),"6-10 Hockley St,  Birmingham",B18 6BL,0121 448 4578 ,thedropforge.com,"https://c.yell.com/t_bigSquare,f_auto/6b0fa74f-8658-4cc0-801f-ccad07fb8b52_image_jpeg.jpg"
Stageside Bar & Restaurant,English Restaurants,No Rating,"Thorp St,  Birmingham",B5 4AU,0844 338 9000 ,birminghamhippodrome.com,"https://c.yell.com/t_bigSquare,f_auto/e7be4869-3610-4b78-b255-daf3c21e182d_image_jpeg.jpg"
Dares,Bars and Wine Bars,No Rating,"16 Lower Essex Street, Digbeth,  BIRMINGHAM",B5 6RD,,,"https://c.yell.com/t_bigSquare,f_auto/c5a8af9d-5949-43e7-82bd-6d78946506e1_image_jpeg.jpg"
Acapella,Bars and Wine Bars,No Rating,"Frederick Street, Jewellery Quarter,  BIRMINGHAM",B1 3HE,0121 233 0313 ,,https://yell.com/searchfe/yframe/yelldotcom/default/_yframe/min/images/yell-dummy.png
KCS,Bars and Wine Bars,No Rating,"160 Bromsgrove Street, Digbeth,  BIRMINGHAM",B5 4RU,0121 666 6858 ,,https://yell.com/searchfe/yframe/yelldotcom/default/_yframe/min/images/yell-dummy.png
The Gentleman & Scholar,Bars and Wine Bars,No Rating,"2 Bridge Street,  BIRMINGHAM",B1 2JZ,,,"https://c.yell.com/t_bigSquare,f_auto/5f3ca99d-a911-4d09-80d6-fbda85e9b414_image_jpeg.jpg"
Aria Restaurant,Bars and Wine Bars,No Rating,"2 Bridge Street,  BIRMINGHAM",B1 2JZ,,,"https://c.yell.com/t_bigSquare,f_auto/b17efeb6-f8b1-4f75-b4e1-7696eaf737c5_image_jpeg.jpg"
Zizzi,Italian Restaurants,3.2(4 Ratings),"The Mailbox,  Birmingham",B1 1RL,0121 643 5605 ,zizzi.co.uk/,"https://c.yell.com/t_bigSquare,f_auto/fe0b9b4a-dd06-4381-89f7-96a68c7f6b0f_image_jpeg.jpg"
The Fox,Bars and Wine Bars,1.0(1 Rating),"17 Lower Essex Street, Digbeth,  BIRMINGHAM",B5 6SN,0121 622 1210 ,,"https://c.yell.com/t_bigSquare,f_auto/cbe59d74-ef32-49bd-8a5f-c1812d85876e_image_jpeg.jpg"
Emperors Lounge Birmingham,Bars and Wine Bars,No Rating,"26 Birchall Street,  Birmingham",B12 0RP,07446 891975 ,shishaloungebirmingham.co.uk,https://yell.com/searchfe/yframe/yelldotcom/default/_yframe/min/images/yell-dummy.png
Aluna Leisure Ltd,Bars and Wine Bars,No Rating,"The Mailbox, 128, Wharfside St,  Birmingham",B1 1RQ,0121 633 9987 ,aluna.uk.com/,"https://c.yell.com/t_bigSquare,f_auto/d5b2c62e-ab23-42f4-af98-7e6ef667b976_image_jpeg.jpg"
Primo,Bars and Wine Bars,No Rating,"Hurst Street, Digbeth,  BIRMINGHAM",B5 4TD,0121 692 1211 ,primoarcadian.co.uk,https://yell.com/searchfe/yframe/yelldotcom/default/_yframe/min/images/yell-dummy.png
Bottles,Bars and Wine Bars,No Rating,"Wharfside Street,  BIRMINGHAM",B1 1RL,,bottleswine.co.uk,https://yell.com/searchfe/yframe/yelldotcom/default/_yframe/min/images/yell-dummy.png
Sidewalk,Bars and Wine Bars,No Rating,"125-131 Hurst St,  Birmingham",B5 6SE,0121 666 6220 ,sidewalkbirmingham.co.uk,https://yell.com/searchfe/yframe/yelldotcom/default/_yframe/min/images/yell-dummy.png
Laurent Perrier Champagne Lounge,Bars and Wine Bars,No Rating,"196 Wharfside Street,  BIRMINGHAM",B1 1RN,,,"https://c.yell.com/t_bigSquare,f_auto/ff56c5dc-ce97-46b4-bc85-9f2610f14140_image_jpeg.jpg"
Thyme,Speciality Restaurants,No Rating,"20 Bridge Street,  BIRMINGHAM",B1 2JR,0871 527 8078 ,premierinn.com,"https://c.yell.com/t_bigSquare,f_auto/85b856bc-6749-4d8d-b9dc-81790e7b0050_image_jpeg.jpg"
The Birmingham Whisky Club,Bars and Wine Bars,No Rating,"75-79 Vyse Street,  BIRMINGHAM",B18 6LE,,,https://yell.com/searchfe/yframe/yelldotcom/default/_yframe/min/images/yell-dummy.png
Foaming Tankard,Bars and Wine Bars,No Rating,"17 Bloomsbury Street,  BIRMINGHAM",B7 5BX,,,https://yell.com/searchfe/yframe/yelldotcom/default/_yframe/min/images/yell-dummy.png
British Oak,Bars and Wine Bars,No Rating,"77 Gooch Street North,  BIRMINGHAM",B5 6QU,0121 692 1953 ,,"https://c.yell.com/t_bigSquare,f_auto/3d03e898-40de-47cc-a599-6f92beba4586_image_jpeg.jpg"
The Fox,Bars and Wine Bars,No Rating,"17 Lower Essex Street,  Birmingham",B5 6SN,07588 340734 ,,https://yell.com/searchfe/yframe/yelldotcom/default/_yframe/min/images/yell-dummy.png
Marco Pierre Whites Steakhouse,Steakhouse Restaurants,3.5(2 Ratings),"200 Wharfside St,  Birmingham",B1 1PR,0121 634 3433 ,mpwsteakhousebirmingham.co.uk,"https://c.yell.com/t_bigSquare,f_auto/90e7721e-3d09-4f1c-a04c-5754612ad897_image_jpeg.jpg"
Berkleys Lounge,Bars and Wine Bars,No Rating,"258 Broad St,  Birmingham",B1 2HF,0121 643 4525 ,berkleyslounge.com/,"https://c.yell.com/t_bigSquare,f_auto/f1be0e2c-82a4-435f-9a90-55fc20037259_image_jpeg.jpg"
Reflex Birmingham,Night Clubs,3.7(3 Ratings),"36-37 Broad St,  Birmingham",B1 2DY,0121 643 0444 ,reflex-bars.co.uk/birmingham/,https://yell.com/searchfe/yframe/yelldotcom/default/_yframe/min/images/yell-dummy.png
Revolution Bar,Night Clubs,4.5(2 Ratings),"Unit 182 Five Ways Broad St,  Birmingham",B15 1AY,0121 665 6508 ,revolution-bars.co.uk/bar/birmingham,"https://c.yell.com/t_bigSquare,f_auto/f6e5158c-f104-4d02-a4d8-d5aefd8fd3e9_image_jpeg.jpg"
Prince of Wales,Bars and Wine Bars,No Rating,"84 Cambridge Street,  BIRMINGHAM",B1 2NP,0121 643 9490 ,,https://yell.com/searchfe/yframe/yelldotcom/default/_yframe/min/images/yell-dummy.png
Private Karaoke Lounge,Bars and Wine Bars,No Rating,"77 Wrentham Street, Digbeth,  BIRMINGHAM",B5 6QP,0121 622 3369 ,,"https://c.yell.com/t_bigSquare,f_auto/44133828-dc05-4aec-bc80-b879f8d04f48_image_jpeg.jpg"
Be At One - Brindley Place Birmingham,Night Clubs,No Rating,"Waters Edge 66 Broad St,  Birmingham",B1 2HL,020 7738 2119 ,beatone.co.uk/cocktail-bar/brindleyplace/,"https://c.yell.com/t_bigSquare,f_auto/04120f58-f9bb-403f-b655-9b20d4aa0e6b_image_jpeg.jpg"
Prestige,Bars and Wine Bars,No Rating,"42 Summer Hill Road, Jewellery Quarter,  BIRMINGHAM",B1 3RB,0121 236 3188 ,,"https://c.yell.com/t_bigSquare,f_auto/0897dccc-2b9a-45eb-ab5a-0f2f88917c0b_image_jpeg.jpg"
Lloyds No. 1,Pubs,2.8(4 Ratings),"Regency Wharf Broad St,  Birmingham",B1 2DS,0121 631 8930 ,jdweatherspoon.com,https://yell.com/searchfe/yframe/yelldotcom/default/_yframe/min/images/yell-dummy.png
6 on Broad Street,Bars and Wine Bars,No Rating,"259-262 Broad Street,  BIRMINGHAM",B1 2HF,0121 632 4936 ,,https://yell.com/searchfe/yframe/yelldotcom/default/_yframe/min/images/yell-dummy.png
Felson's,Bars and Wine Bars,No Rating,"266 Broad Street,  BIRMINGHAM",B1 2EP,,felsons.co.uk,https://yell.com/searchfe/yframe/yelldotcom/default/_yframe/min/images/yell-dummy.png
The Master & Margarita,Bars and Wine Bars,No Rating,"196 Wharfside Street,  BIRMINGHAM",B1 1RN,0121 643 5580 ,,https://yell.com/searchfe/yframe/yelldotcom/default/_yframe/min/images/yell-dummy.png
Cobs Bar,Pub Restaurants,No Rating,"125-127 Sherlock St,  Birmingham",B5 6NB,0121 622 1465 ,,https://yell.com/searchfe/yframe/yelldotcom/default/_yframe/min/images/yell-dummy.png
Bottega Birmingham,Italian Restaurants,No Rating,"National Indoor Arena, King Edwards Rd,  Birmingham",B1 2AA,0121 274 4199 ,bottegabirmingham.co.uk/bookings,"https://c.yell.com/t_bigRect,f_auto/395802bd-f0ff-4294-af82-256836ab6b63_image_jpeg.jpg"
Le Monde,Bars and Wine Bars,No Rating,"The Waters Edge,  BIRMINGHAM",B1 2HL,0121 271 0600 ,,https://yell.com/searchfe/yframe/yelldotcom/default/_yframe/min/images/yell-dummy.png
Nuvo,Bars and Wine Bars,No Rating,"Sheepcote Street, Edgbaston,  BIRMINGHAM",B16 8AJ,0121 631 1600 ,nuvobar.com,"https://c.yell.com/t_bigSquare,f_auto/0fcafa8e-b980-4295-b50d-e18f4c4b24dc_image_jpeg.jpg"
My Flamingos Mobile Bar,Mobile Bars,No Rating,"Alpine Court, 48, Summer Hill Rd,  Birmingham",B1 3RB,07730 465634 ,myflamingos.co.uk,https://yell.com/searchfe/yframe/yelldotcom/default/_yframe/min/images/yell-dummy.png
Zara's,Bars and Wine Bars,No Rating,"80 Broad Street, Five Ways,  BIRMINGHAM",B15 1AU,,,"https://c.yell.com/t_bigSquare,f_auto/b916735f-a2b1-420f-9e74-9dbce792b2dd_image_jpeg.jpg"
Zara Bar,Bars and Wine Bars,No Rating,"80 Broad Street,  Birmingham",B15 1AU,01216 433334 ,,https://yell.com/searchfe/yframe/yelldotcom/default/_yframe/min/images/yell-dummy.png
Recess,English Restaurants,No Rating,"1 Brunswick Square, Brindley Place,  Birmingham",B1 2HW,0121 633 6300 ,hiltongardeninn3.hilton.com/en/hotels/united-kingdom/hilton-garden-inn-birmingham-brindleyplace-BHXBPGI/dining/index.html,"https://c.yell.com/t_bigRect,f_auto/2acce246-f4ae-4933-869a-6dc1f9e4d4ba_image_jpeg.jpg"
Thyme,Speciality Restaurants,No Rating,"80A Broad Street,  BIRMINGHAM",B15 1AU,,premierinn.com,"https://c.yell.com/t_bigSquare,f_auto/d01dc29a-dbbf-4d20-9433-353ac368e14f_image_jpeg.jpg"
The Bierkeller,Bars and Wine Bars,No Rating,"196 Broad Street, Five Ways,  BIRMINGHAM",B15 1AY,,thebierkeller.com,"https://c.yell.com/t_bigSquare,f_auto/550adeb6-3b78-4414-bb0c-9b8bc32c83ef_image_jpeg.jpg"
The City Tavern,Bars and Wine Bars,No Rating,"38 Bishopsgate Street, Five Ways,  BIRMINGHAM",B15 1EJ,0121 679 2506 ,,"https://c.yell.com/t_bigSquare,f_auto/cc3d2e36-ccc2-4c4a-b1f7-b4941e94c8cc_image_jpeg.jpg"
The Bulls Head,Bars and Wine Bars,No Rating,"38 Bishopsgate Street, Five Ways,  BIRMINGHAM",B15 1EJ,0121 633 0838 ,,"https://c.yell.com/t_bigSquare,f_auto/22eeaefd-d166-4d06-b230-712a6b5b2c82_image_jpeg.jpg"
Shooters Sports Bar,Bars and Wine Bars,No Rating,"196 Broad Street, Five Ways,  BIRMINGHAM",B15 1AY,,shootersportsbar.co.uk,https://yell.com/searchfe/yframe/yelldotcom/default/_yframe/min/images/yell-dummy.png
The Distillery,Bars and Wine Bars,No Rating,"4 Sheepcote Street,  BIRMINGHAM",B16 8AE,0121 200 2223 ,mosaicpubanddining.com,https://yell.com/searchfe/yframe/yelldotcom/default/_yframe/min/images/yell-dummy.png
Poncho Khana,Bars and Wine Bars,4.0(1 Rating),"504 Coventry Road,  BIRMINGHAM",B10 0UN,0121 773 0777 ,ponchokhana.c.uk,"https://c.yell.com/t_bigSquare,f_auto/502adfb9-ca20-4ab6-afa7-71061f25b9a4_image_jpeg.jpg"
The Rice Co,Bars and Wine Bars,No Rating,"57 Grosvenor Street West,  Birmingham",B16 8HJ,01216 430300 ,,https://yell.com/searchfe/yframe/yelldotcom/default/_yframe/min/images/yell-dummy.png
Around The World in 80 Beers,Bars and Wine Bars,No Rating,"196 Broad Street, Five Ways,  BIRMINGHAM",B15 1AY,,atw80.com,https://yell.com/searchfe/yframe/yelldotcom/default/_yframe/min/images/yell-dummy.png
Piper Heidseick,Bars and Wine Bars,No Rating,"160 Broad Street, Five Ways,  BIRMINGHAM",B15 1DT,,,https://yell.com/searchfe/yframe/yelldotcom/default/_yframe/min/images/yell-dummy.png
The Saxon Mill,Pub Restaurants,4.0(5 Ratings),"Harborne Rd,  Birmingham",B15 3TT,01926 492255 ,saxonmill.co.uk/,"https://c.yell.com/t_bigRect,f_auto/76ff5f87-1959-4121-b333-d892adb38be9_image_jpeg.jpg"
Suds n Duds,Bars and Wine Bars,5.0(1 Rating),"The Launderett Gas St,  Birmingham",B1 2JT,07741 242875 ,rosiesclubs.co.uk/birmingham,https://yell.com/searchfe/yframe/yelldotcom/default/_yframe/min/images/yell-dummy.png
The Brew Bar Lounge,Bars and Wine Bars,No Rating,"12 Hagley Road, Edgbaston,  BIRMINGHAM",B16 8SJ,,,https://yell.com/searchfe/yframe/yelldotcom/default/_yframe/min/images/yell-dummy.png
1565,Bars and Wine Bars,No Rating,"160 Islington Row Middleway, Five Ways,  BIRMINGHAM",B15 1SF,,,https://yell.com/searchfe/yframe/yelldotcom/default/_yframe/min/images/yell-dummy.png
Ralph's Bar,Bars and Wine Bars,No Rating,"Ladywood Middleway, Edgbaston,  BIRMINGHAM",B16 8LP,,,https://yell.com/searchfe/yframe/yelldotcom/default/_yframe/min/images/yell-dummy.png
Utopia Bars Ltd,Mobile Bars,5.0(3 Ratings),"Flat 16 Bromford Mews 94, Alcester Rd,  Birmingham",B13 8EF,01902 475707 ,utopiabars.co.uk,"https://c.yell.com/t_bigRect,f_auto/f5e856c7-5325-4aa6-8fbb-47f7dae366fa_image_png.png"
The Old Windmill,Bars and Wine Bars,No Rating,"84 Dudley Road,  BIRMINGHAM",B18 7QN,0121 454 3779 ,,"https://c.yell.com/t_bigSquare,f_auto/927723d6-0ed0-4495-970e-c704ff9bb093_image_jpeg.jpg"
Filfila Restaurant & Pastry,Bars and Wine Bars,No Rating,"157 Stratford Road,  BIRMINGHAM",B11 4BS,,,https://yell.com/searchfe/yframe/yelldotcom/default/_yframe/min/images/yell-dummy.png
HGC Club,Function Rooms and Banqueting,5.0(9 Ratings),"1243 Stratford Rd,  Birmingham",B28 9AA,0121 661 6218/07734 385420,,"https://c.yell.com/t_bigRect,f_auto/6fb043fe-f16e-4c7f-896d-0c284a0829e3_image_jpeg.jpg"
Beaufort Bar,Bars and Wine Bars,No Rating,"135 Hagley Road, Edgbaston,  BIRMINGHAM",B16 8LS,,,https://yell.com/searchfe/yframe/yelldotcom/default/_yframe/min/images/yell-dummy.png
The Physician,Pubs,No Rating,"Harborne Rd,  Birmingham",B15 3DH,0121 272 5900 ,thephysician.co.uk,"https://c.yell.com/t_bigRect,f_auto/ed46396b-595a-4723-9d78-45e4b5819092_image_png.png"
Loki,Bars and Wine Bars,No Rating,"10 Greenfield Crescent,  BIRMINGHAM",B15 3AU,0121 455 0793 ,,https://yell.com/searchfe/yframe/yelldotcom/default/_yframe/min/images/yell-dummy.png
K.S.B Beer & Bar Supplies Ltd,Mobile Bars,5.0(15 Ratings),"Unit 33 Fountain Business Park, Fountain Lane,  Oldbury",B69 3BH,07932 327478 ,ksb-beers.co.uk,"https://c.yell.com/t_bigRect,f_auto/194e1133-a1f6-40c4-bedb-605f3cb65600_image_jpeg.jpg"
The Ivy Bush,Bars and Wine Bars,No Rating,"181-185 Hagley Road, Edgbaston,  BIRMINGHAM",B16 9RD,,,"https://c.yell.com/t_bigSquare,f_auto/04548124-cfa4-4a43-82b0-69f9f0b357c3_image_jpeg.jpg"
Midlands Greek Cypriot Association,Function Rooms and Banqueting,No Rating,"Magnet Centre Park Approach,  Birmingham",B23 7SJ,0121 661 5992 ,midlandsgreek.org,https://cdn.yell.com/cdn/yellapi/asset/926023017B2F7953/thumbnail
Prince of Wales,Pubs,5.0(1 Rating),"118 Alcester Rd,  Birmingham",B13 8EE,0121 449 4198 ,theprincemoseley.co.uk,"https://c.yell.com/t_bigSquare,f_auto/9900b7bc-9011-4a28-ac5a-32a1e46d90b0_image_jpeg.jpg"
The Bricklayers Arms,Bars and Wine Bars,No Rating,"218 Icknield Port Road,  BIRMINGHAM",B16 0DA,,,https://yell.com/searchfe/yframe/yelldotcom/default/_yframe/min/images/yell-dummy.png
Bohemian Cocktail Bar & Kitchen,Bars and Wine Bars,4.0(1 Rating),"1-6 Salisbury House Alcester Rd,  Birmingham",B13 8JE,0121 442 6593 ,bohemianbar.co.uk,"https://c.yell.com/t_bigSquare,f_auto/a7c8f749-220d-4572-96a5-981d7512e010_image_jpeg.jpg"
Edgbaston Sports Bar,Pubs,No Rating,"17 Hollies Croft,  Birmingham",B5 7QN,0121 440 4315 ,edgbastonsportsbarbirmingham.co.uk/,"https://c.yell.com/t_bigSquare,f_auto/f5509d75-4078-4ee9-9e51-31c85943896a_image_jpeg.jpg"
Crown & Cushion,Bars and Wine Bars,No Rating,"Wellington Road,  BIRMINGHAM",B20 2QH,0121 344 7831 ,,"https://c.yell.com/t_bigSquare,f_auto/22953dc3-bdb9-46a2-855f-56718ba9dfd0_image_jpeg.jpg"
UMISS Ltd,Portuguese Restaurants,No Rating,"411-413 Witton Rd,  Birmingham",B6 6SP,07411 923900 ,,https://yell.com/searchfe/yframe/yelldotcom/default/_yframe/min/images/yell-dummy.png
Heritage Banqueting & Catering,Function Rooms and Banqueting,5.0(1 Rating),"296 High St,  Smethwick",B66 3NL,0121 661 5984/07831 826027,heritagebanqueting.com/,"https://c.yell.com/t_bigRect,f_auto/100aff9c-0a9b-47e6-922f-7efeccc4d836_image_png.png"
George & Dragon,Bars and Wine Bars,No Rating,"690-692 Coventry Road,  BIRMINGHAM",B10 0UU,0121 773 7734 ,,"https://c.yell.com/t_bigSquare,f_auto/e0fef66c-69a7-43c9-8f51-b2e80dbbcbdc_image_jpeg.jpg"
The H Suite,Function Rooms and Banqueting,No Rating,"100 Icknield Port Rd,  Birmingham",B16 0AA,0121 456 4545 ,thehsuite.co.uk,https://yell.com/searchfe/yframe/yelldotcom/default/_yframe/min/images/yell-dummy.png
The Hazelwell,Pubs,5.0(5 Ratings),"Pineapple Rd,  Birmingham",B30 2TL,0121 486 3638 ,sizzlingpubs.co.uk/thehazelwellstirchley/,"https://c.yell.com/t_bigRect,f_auto/962b83f1-4535-4226-b7f0-9a1c5f6bc694_image_jpeg.jpg"
Seventh Trap,Bars and Wine Bars,No Rating,"122 Walsall Road, Perry Barr,  BIRMINGHAM",B42 1ES,0121 356 2092 ,,"https://c.yell.com/t_bigSquare,f_auto/2f1d726e-681f-4f74-90eb-6c37d1a87b77_image_jpeg.jpg"
Hare of The Dog,Bars and Wine Bars,No Rating,"76 Franchise Street, Perry Barr,  BIRMINGHAM",B42 2ST,0121 331 4554 ,stonegatepubs.co.uk,https://yell.com/searchfe/yframe/yelldotcom/default/_yframe/min/images/yell-dummy.png
Caribbean Delight,Bars and Wine Bars,No Rating,"439-441 Dudley Road,  BIRMINGHAM",B18 4HE,07811 624157 ,,"https://c.yell.com/t_bigSquare,f_auto/50f52d46-ad07-4be4-a6a0-efc699ad17ac_image_jpeg.jpg"
Frankie & Benny's,Italian Restaurants,4.9(95 Ratings),"Battery Park Chapel Lane,  Birmingham",B29 6SJ,0121 414 0049 ,frankieandbennys.com/restaurants/west-midlands/birmingham/selly-oak,"https://c.yell.com/t_bigRect,f_auto/1ecc5cc4-bd21-49af-831c-43a0750c5773_image_jpeg.jpg"
The Clumsy Swan,Pub Restaurants,3.9(16 Ratings),"1 Stoney Lane,  Birmingham",B25 8YP,0121 783 3777 ,theclumsyswan.co.uk,"https://c.yell.com/t_bigSquare,f_auto/3a2b10bb-1679-471a-a5c4-83698fa8dcef_image_jpeg.jpg"
Slug & Lettuce Harborne,English Restaurants,4.0(1 Rating),"186-194 High St,  Birmingham",B17 9PP,0121 426 4256 ,slugandlettuce.co.uk/harborne-birmingham/,"https://c.yell.com/t_bigSquare,f_auto/6fb537e2-0a48-4dc2-b65a-7720af8b900c_image_jpeg.jpg"
The Asquith,English Restaurants,No Rating,"1 Montague Rd,  Birmingham",B16 9HR,0121 455 0999 ,theasquith.com,https://yell.com/searchfe/yframe/yelldotcom/default/_yframe/min/images/yell-dummy.png
Zindiya,Bars and Wine Bars,No Rating,"21 Woodbridge Road, Moseley,  BIRMINGHAM",B13 8EH,0121 439 0593 ,,"https://c.yell.com/t_bigSquare,f_auto/dc61e5dd-c28b-46ae-910a-a84e0b3f73d5_image_jpeg.jpg"
The Church Tavern,Bars and Wine Bars,4.5(2 Ratings),"196 High Street, Erdington,  BIRMINGHAM",B23 6SJ,,,"https://c.yell.com/t_bigSquare,f_auto/11e5db6f-0887-4df2-99aa-d2294b225215_image_jpeg.jpg"
The Bulls Head Bar,Bars and Wine Bars,No Rating,"23 St. Marys Row,  Birmingham",B13 8HW,0121 256 7777 ,bullheadmoseley.co.uk,"https://c.yell.com/t_bigSquare,f_auto/7953a09c-fc22-41f6-8ca4-0f08573caf4f_image_jpeg.jpg"
Dark Horse Bar & Grill,Bars and Wine Bars,No Rating,"143-145 Alcester Road, Moseley,  BIRMINGHAM",B13 8JP,0121 449 6300 ,,"https://c.yell.com/t_bigSquare,f_auto/2db0b0c0-d8e5-46c2-b499-29ee8bbe40d5_image_jpeg.jpg"
Mango Lounge,Bars and Wine Bars,No Rating,"118b, Aldridge Rd,  Birmingham",B42 2TP,0121 356 8411 ,mangolounge.club,https://yell.com/searchfe/yframe/yelldotcom/default/_yframe/min/images/yell-dummy.png
Island Inn,Pub Restaurants,4.7(9 Ratings),"Kenrick Way,  West Bromwich",B70 6BB,0121 553 4243 ,island-inn-pub.business.site/,"https://c.yell.com/t_bigRect,f_auto/20b5f2b2-d35d-4bcb-a5e4-5dcaba419ed4_image_jpeg.jpg"
The Sportsman,Bars and Wine Bars,3.0(1 Rating),"19 Metchley Lane, Harborne,  BIRMINGHAM",B17 0HT,,davenports.co.uk,"https://c.yell.com/t_bigSquare,f_auto/f76608d0-9985-419f-86e8-72cd254f2f35_image_jpeg.jpg"
Prince Wales,Bars and Wine Bars,No Rating,"Ground Floor, 118 Alcester Road,  Birmingham",B13 8EE,0121449 4198 ,,https://yell.com/searchfe/yframe/yelldotcom/default/_yframe/min/images/yell-dummy.png
Deolali,Bars and Wine Bars,No Rating,"23A St Marys Row, Moseley,  BIRMINGHAM",B13 8HW,0121 442 2222 ,,"https://c.yell.com/t_bigSquare,f_auto/a8d2e346-4d3c-466e-bdb8-0383c3a99eac_image_jpeg.jpg"
The King's Head,Bars and Wine Bars,4.0(1 Rating),"Hagley Rd,  Birmingham",B17 8BJ,0121 277 4130 ,thekingsheadbirmingham.com,https://yell.com/searchfe/yframe/yelldotcom/default/_yframe/min/images/yell-dummy.png
Loco Lounge,English Restaurants,4.3(3 Ratings),"32-34 High St,  Birmingham",B14 7JT,0121 444 1296 ,thelounges.co.uk,"https://c.yell.com/t_bigSquare,f_auto/d42d2014-4019-44cd-910e-d911bba7d430_image_jpeg.jpg"
The Bear,Bars and Wine Bars,No Rating,"686 Stratford Road,  BIRMINGHAM",B11 4BS,0121 777 8785 ,,"https://c.yell.com/t_bigSquare,f_auto/8cf863e2-59f6-4776-a187-00353d2bb079_image_jpeg.jpg"
The Cross,Bars and Wine Bars,No Rating,"145 Alcester Rd,  Birmingham",B13 8JP,0121 449 6300 ,,https://yell.com/searchfe/yframe/yelldotcom/default/_yframe/min/images/yell-dummy.png
The Fox & Goose,Bars and Wine Bars,No Rating,"Bromford Lane, Ward End,  BIRMINGHAM",B8 2EP,0121 508 5900 ,,"https://c.yell.com/t_bigSquare,f_auto/00f813fe-05ab-4c17-b9ba-53644d11b57f_image_jpeg.jpg"
The Royal Oak,Bars and Wine Bars,No Rating,"171 Holyhead Road, Handsworth,  BIRMINGHAM",B21 0BD,0121 523 7486 ,,"https://c.yell.com/t_bigSquare,f_auto/8876850b-bdab-46f4-ad82-60aab90ddfed_image_jpeg.jpg"
The Hare & Hounds,Bars and Wine Bars,1.0(1 Rating),"Marsh Hill,  BIRMINGHAM",B23 7HG,0121 382 0392 ,hungryhorse.co.uk,https://yell.com/searchfe/yframe/yelldotcom/default/_yframe/min/images/yell-dummy.png
Bar Away,Mobile Bars,5.0(3 Ratings),"449 Brook Lane,  Birmingham",B13 0BT,07842 430068 ,baraway.co.uk,https://yell.com/searchfe/yframe/yelldotcom/default/_yframe/min/images/yell-dummy.png
Solihull Arden Club,Function Rooms and Banqueting,5.0(3 Ratings),"Sharmans Cross Rd,  Solihull",B91 1RG,0121 661 8881 ,solihullarden.co.uk,"https://c.yell.com/t_bigSquare,f_auto/ee7595ab-c491-4561-b86c-24680d679deb_image_gif.gif"
Sampson Lloyd,Bars and Wine Bars,No Rating,"26-28 Cape Hill, Bearwood,  SMETHWICK",B66 4RN,,,"https://c.yell.com/t_bigSquare,f_auto/20fc9cbc-1eae-4ebb-9c4a-6c230e8deb84_image_jpeg.jpg"
Seven Stars On Cape Hill,Pubs,3.0(4 Ratings),"39 Cape Hill,  Smethwick",B66 4SF,0121 555 4940 ,sevenstarssmethwick.co.uk,"https://c.yell.com/t_bigRect,f_auto/b036e32a-6c8f-4451-b7e6-3985145e72b1_image_jpeg.jpg"
Arco Lounge,English Restaurants,No Rating,"147 High St,  Birmingham",B17 9NP,0121 428 3011 ,thelounges.co.uk,"https://c.yell.com/t_bigRect,f_auto/e8d385a8-e1d7-42cf-91ba-debfa9566bef_image_jpeg.jpg"
White Horse Harborne,Pubs,No Rating,"2 York St,  Birmingham",B17 0HG,0121 427 8004 ,whitehorseharborne.com,"https://c.yell.com/t_bigSquare,f_auto/7cd5a415-cf3f-45e9-9092-a6854986ac27_image_jpeg.jpg"
Hamstead,Pubs,5.0(2 Ratings),"89 Green Lane,  Birmingham",B43 5LG,0121 358 6720 ,greatukpubs.co.uk/thehamsteadbirmingham/,https://yell.com/searchfe/yframe/yelldotcom/default/_yframe/min/images/yell-dummy.png
3 Tigers Ltd,Mobile Bars,No Rating,"119b Baltimore Rd,  Birmingham",B42 1DD,0121 356 2080 ,weselldrinks.com,https://yell.com/searchfe/yframe/yelldotcom/default/_yframe/min/images/yell-dummy.png
Prestige Suite,Function Rooms and Banqueting,No Rating,"8 Downing St,  Smethwick",B66 2JL,0121 558 2233 ,prestigesuite.co.uk,"https://c.yell.com/t_bigRect,f_auto/e3c2d1d2-36ab-4754-a4a4-3c5f03782fe8_image_png.png"
The Paper Duck,Bars and Wine Bars,No Rating,"115 High Street, Harborne,  BIRMINGHAM",B17 9NR,,,https://yell.com/searchfe/yframe/yelldotcom/default/_yframe/min/images/yell-dummy.png
Ali Baba Shisha Shop,Bars and Wine Bars,No Rating,"628-630 Bristol Road,  BIRMINGHAM",B29 6BQ,,,"https://c.yell.com/t_bigSquare,f_auto/c0d29d56-6d1f-4bb4-8a50-4e27bef8769e_image_jpeg.jpg"
